{"count":1,"self":159.94783999999999,"total":164.5229295,"children":{"InitializeActuators":{"count":1,"self":0.0059267999999999994,"total":0.0059267999999999994,"children":null},"InitializeSensors":{"count":1,"self":0.0060605999999999993,"total":0.0060605999999999993,"children":null},"AgentSendState":{"count":7832,"self":0.44024939999999996,"total":0.53366629999999993,"children":{"CollectObservations":{"count":1567,"self":0.0189393,"total":0.0189393,"children":null},"WriteActionMask":{"count":1567,"self":0.0095515,"total":0.0095515,"children":null},"RequestDecision":{"count":1567,"self":0.0649261,"total":0.0649261,"children":null}}},"DecideAction":{"count":7832,"self":3.6165612,"total":3.6548751999999998,"children":{"RayPerceptionSensor.Perceive":{"count":1567,"self":0.038314,"total":0.038314,"children":null}}},"AgentAct":{"count":7832,"self":0.3706845,"total":0.3706845,"children":null}},"gauges":{"TargetSeeker.CumulativeReward":{"count":23,"max":1.96660185,"min":-1.09980059,"runningAverage":1.063995,"value":1.93640566,"weightedAverage":0.918296754}},"metadata":{"timer_format_version":"0.1.0","start_time_seconds":"1644141693","unity_version":"2020.3.26f1","command_line_arguments":"C:\\Program Files\\Unity\\Hub\\Editor\\2020.3.26f1\\Editor\\Unity.exe -projectpath C:\/oia\/MLAgents\/TargetSeeker -useHub -hubIPC -cloudEnvironment production -hubSessionId a5a71a50-866a-11ec-8b3b-c9b07b83e874","communication_protocol_version":"1.5.0","com.unity.ml-agents_version":"2.0.1","scene_name":"FirstScene","end_time_seconds":"1644141857"}}